id,    type,    tags,    title 
1037572807,Type,TSTMonsite,This
1037572808,Type,TSTMonsite,This
1037572809,Type,TSTMonsite,This
1037572810,Type,TSTMonsite,This
1037572811,Type,TSTMonsite,This
1037572812,Type,TSTMonsite,This
1037572813,Type,TSTMonsite,This
1037572814,Type,TSTMonsite,This
1037572815,Type,TSTMonsite,This
1037572816,Type,TSTMonsite,This
1037572817,Type,TSTMonsite,This
1037572818,Type,TSTMonsite,This
1037572819,Type,TSTMonsite,This
1037572820,Type,TSTMonsite,This
1037572821,Type,TSTMonsite,This
1037572822,Type,TSTMonsite,This
1037572823,Type,TSTMonsite,This
1037572824,Type,TSTMonsite,This
1037572825,Type,TSTMonsite,This
1037572826,Type,TSTMonsite,This
1037572827,Type,TSTMonsite,This
1037572828,Type,TSTMonsite,This
1037572829,Type,TSTMonsite,This
1037572830,Type,TSTMonsite,This
1037572831,Type,TSTMonsite,This
1037572832,Type,TSTMonsite,This
1037572834,Type,TSTMonsite,This
1037572835,Type,TSTMonsite,This
1037572836,Type,TSTMonsite,This
1037572837,Type,TSTMonsite,This
1037572838,Type,TSTMonsite,This
1037572839,Type,TSTMonsite,This
1037572840,Type,TSTMonsite,This
1037572841,Type,TSTMonsite,This
1037572842,Type,TSTMonsite,This
1037572843,Type,TSTMonsite,This
1037572844,Type,TSTMonsite,This
1037572845,Type,TSTMonsite,This
1037572846,Type,TSTMonsite,This
1037572847,Type,TSTMonsite,This
1037572849,Type,TSTMonsite,This
1037572850,Type,TSTMonsite,This
1037572851,Type,TSTMonsite,This
1037572852,Type,TSTMonsite,This
1037572853,Type,TSTMonsite,This
1037572854,Type,TSTMonsite,This
1037572855,Type,TSTMonsite,This
1037572856,Type,TSTMonsite,This
1037572857,Type,TSTMonsite,This
1037572858,Type,TSTMonsite,This
1037572756,Type,TSTMonsite,This
1037572757,Type,TSTMonsite,This
1037572758,Type,TSTMonsite,This
1037572759,Type,TSTMonsite,This
1037572761,Type,TSTMonsite,This
1037572762,Type,TSTMonsite,This
1037572763,Type,TSTMonsite,This
1037572764,Type,TSTMonsite,This
1037572765,Type,TSTMonsite,This
1037572766,Type,TSTMonsite,This
1037572767,Type,TSTMonsite,This
1037572768,Type,TSTMonsite,This
1037572769,Type,TSTMonsite,This
1037572770,Type,TSTMonsite,This
1037572771,Type,TSTMonsite,This
1037572772,Type,TSTMonsite,This
1037572773,Type,TSTMonsite,This
1037572774,Type,TSTMonsite,This
1037572775,Type,TSTMonsite,This
1037572776,Type,TSTMonsite,This
1037572777,Type,TSTMonsite,This
1037572778,Type,TSTMonsite,This
1037572779,Type,TSTMonsite,This
1037572780,Type,TSTMonsite,This
1037572781,Type,TSTMonsite,This
1037572782,Type,TSTMonsite,This
1037572783,Type,TSTMonsite,This
1037572784,Type,TSTMonsite,This
1037572785,Type,TSTMonsite,This
1037572786,Type,TSTMonsite,This
1037572787,Type,TSTMonsite,This
1037572788,Type,TSTMonsite,This
1037572789,Type,TSTMonsite,This
1037572790,Type,TSTMonsite,This
1037572791,Type,TSTMonsite,This
1037572792,Type,TSTMonsite,This
1037572793,Type,TSTMonsite,This
1037572794,Type,TSTMonsite,This
1037572795,Type,TSTMonsite,This
1037572796,Type,TSTMonsite,This
1037572797,Type,TSTMonsite,This
1037572798,Type,TSTMonsite,This
1037572799,Type,TSTMonsite,This
1037572800,Type,TSTMonsite,This
1037572801,Type,TSTMonsite,This
1037572802,Type,TSTMonsite,This
1037572803,Type,TSTMonsite,This
1037572804,Type,TSTMonsite,This
1037572805,Type,TSTMonsite,This
1037572806,Type,TSTMonsite,This
1037572698,Type,TSTMonsite,This
1037572699,Type,TSTMonsite,This
1037572702,Type,TSTMonsite,This
1037572703,Type,TSTMonsite,This
1037572704,Type,TSTMonsite,This
1037572705,Type,TSTMonsite,This
1037572706,Type,TSTMonsite,This
1037572708,Type,TSTMonsite,This
1037572709,Type,TSTMonsite,This
1037572710,Type,TSTMonsite,This
1037572711,Type,TSTMonsite,This
1037572712,Type,TSTMonsite,This
1037572713,Type,TSTMonsite,This
1037572714,Type,TSTMonsite,This
1037572715,Type,TSTMonsite,This
1037572716,Type,TSTMonsite,This
1037572718,Type,TSTMonsite,This
1037572719,Type,TSTMonsite,This
1037572720,Type,TSTMonsite,This
1037572721,Type,TSTMonsite,This
1037572722,Type,TSTMonsite,This
1037572723,Type,TSTMonsite,This
1037572724,Type,TSTMonsite,This
1037572725,Type,TSTMonsite,This
1037572726,Type,TSTMonsite,This
1037572727,Type,TSTMonsite,This
1037572728,Type,TSTMonsite,This
1037572730,Type,TSTMonsite,This
1037572731,Type,TSTMonsite,This
1037572732,Type,TSTMonsite,This
1037572733,Type,TSTMonsite,This
1037572735,Type,TSTMonsite,This
1037572736,Type,TSTMonsite,This
1037572737,Type,TSTMonsite,This
1037572738,Type,TSTMonsite,This
1037572739,Type,TSTMonsite,This
1037572740,Type,TSTMonsite,This
1037572742,Type,TSTMonsite,This
1037572743,Type,TSTMonsite,This
1037572744,Type,TSTMonsite,This
1037572745,Type,TSTMonsite,This
1037572746,Type,TSTMonsite,This
1037572747,Type,TSTMonsite,This
1037572748,Type,TSTMonsite,This
1037572750,Type,TSTMonsite,This
1037572751,Type,TSTMonsite,This
1037572752,Type,TSTMonsite,This
1037572753,Type,TSTMonsite,This
1037572754,Type,TSTMonsite,This
1037572755,Type,TSTMonsite,This
1037572644,Type,TSTMonsite,This
1037572645,Type,TSTMonsite,This
1037572646,Type,TSTMonsite,This
1037572647,Type,TSTMonsite,This
1037572648,Type,TSTMonsite,This
1037572649,Type,TSTMonsite,This
1037572650,Type,TSTMonsite,This
1037572651,Type,TSTMonsite,This
1037572653,Type,TSTMonsite,This
1037572654,Type,TSTMonsite,This
1037572655,Type,TSTMonsite,This
1037572656,Type,TSTMonsite,This
1037572657,Type,TSTMonsite,This
1037572658,Type,TSTMonsite,This
1037572659,Type,TSTMonsite,This
1037572660,Type,TSTMonsite,This
1037572661,Type,TSTMonsite,This
1037572662,Type,TSTMonsite,This
1037572663,Type,TSTMonsite,This
1037572664,Type,TSTMonsite,This
1037572665,Type,TSTMonsite,This
1037572666,Type,TSTMonsite,This
1037572667,Type,TSTMonsite,This
1037572668,Type,TSTMonsite,This
1037572669,Type,TSTMonsite,This
1037572670,Type,TSTMonsite,This
1037572671,Type,TSTMonsite,This
1037572672,Type,TSTMonsite,This
1037572673,Type,TSTMonsite,This
1037572674,Type,TSTMonsite,This
1037572675,Type,TSTMonsite,This
1037572676,Type,TSTMonsite,This
1037572677,Type,TSTMonsite,This
1037572678,Type,TSTMonsite,This
1037572679,Type,TSTMonsite,This
1037572680,Type,TSTMonsite,This
1037572681,Type,TSTMonsite,This
1037572682,Type,TSTMonsite,This
1037572683,Type,TSTMonsite,This
1037572684,Type,TSTMonsite,This
1037572685,Type,TSTMonsite,This
1037572687,Type,TSTMonsite,This
1037572688,Type,TSTMonsite,This
1037572689,Type,TSTMonsite,This
1037572690,Type,TSTMonsite,This
1037572691,Type,TSTMonsite,This
1037572692,Type,TSTMonsite,This
1037572694,Type,TSTMonsite,This
1037572695,Type,TSTMonsite,This
1037572697,Type,TSTMonsite,This
1037572591,Type,TSTMonsite,This
1037572592,Type,TSTMonsite,This
1037572594,Type,TSTMonsite,This
1037572595,Type,TSTMonsite,This
1037572597,Type,TSTMonsite,This
1037572598,Type,TSTMonsite,This
1037572600,Type,TSTMonsite,This
1037572601,Type,TSTMonsite,This
1037572602,Type,TSTMonsite,This
1037572603,Type,TSTMonsite,This
1037572604,Type,TSTMonsite,This
1037572605,Type,TSTMonsite,This
1037572606,Type,TSTMonsite,This
1037572607,Type,TSTMonsite,This
1037572608,Type,TSTMonsite,This
1037572609,Type,TSTMonsite,This
1037572610,Type,TSTMonsite,This
1037572611,Type,TSTMonsite,This
1037572612,Type,TSTMonsite,This
1037572613,Type,TSTMonsite,This
1037572614,Type,TSTMonsite,This
1037572615,Type,TSTMonsite,This
1037572616,Type,TSTMonsite,This
1037572617,Type,TSTMonsite,This
1037572618,Type,TSTMonsite,This
1037572619,Type,TSTMonsite,This
1037572620,Type,TSTMonsite,This
1037572621,Type,TSTMonsite,This
1037572622,Type,TSTMonsite,This
1037572623,Type,TSTMonsite,This
1037572624,Type,TSTMonsite,This
1037572625,Type,TSTMonsite,This
1037572626,Type,TSTMonsite,This
1037572627,Type,TSTMonsite,This
1037572628,Type,TSTMonsite,This
1037572629,Type,TSTMonsite,This
1037572630,Type,TSTMonsite,This
1037572631,Type,TSTMonsite,This
1037572632,Type,TSTMonsite,This
1037572633,Type,TSTMonsite,This
1037572634,Type,TSTMonsite,This
1037572635,Type,TSTMonsite,This
1037572636,Type,TSTMonsite,This
1037572637,Type,TSTMonsite,This
1037572638,Type,TSTMonsite,This
1037572639,Type,TSTMonsite,This
1037572640,Type,TSTMonsite,This
1037572641,Type,TSTMonsite,This
1037572642,Type,TSTMonsite,This
1037572643,Type,TSTMonsite,This
1037572538,Type,TSTMonsite,This
1037572539,Type,TSTMonsite,This
1037572540,Type,TSTMonsite,This
1037572541,Type,TSTMonsite,This
1037572542,Type,TSTMonsite,This
1037572543,Type,TSTMonsite,This
1037572544,Type,TSTMonsite,This
1037572545,Type,TSTMonsite,This
1037572546,Type,TSTMonsite,This
1037572547,Type,TSTMonsite,This
1037572548,Type,TSTMonsite,This
1037572549,Type,TSTMonsite,This
1037572550,Type,TSTMonsite,This
1037572551,Type,TSTMonsite,This
1037572552,Type,TSTMonsite,This
1037572553,Type,TSTMonsite,This
1037572554,Type,TSTMonsite,This
1037572555,Type,TSTMonsite,This
1037572556,Type,TSTMonsite,This
1037572557,Type,TSTMonsite,This
1037572558,Type,TSTMonsite,This
1037572559,Type,TSTMonsite,This
1037572560,Type,TSTMonsite,This
1037572561,Type,TSTMonsite,This
1037572562,Type,TSTMonsite,This
1037572563,Type,TSTMonsite,This
1037572564,Type,TSTMonsite,This
1037572565,Type,TSTMonsite,This
1037572566,Type,TSTMonsite,This
1037572567,Type,TSTMonsite,This
1037572568,Type,TSTMonsite,This
1037572569,Type,TSTMonsite,This
1037572570,Type,TSTMonsite,This
1037572571,Type,TSTMonsite,This
1037572572,Type,TSTMonsite,This
1037572573,Type,TSTMonsite,This
1037572574,Type,TSTMonsite,This
1037572576,Type,TSTMonsite,This
1037572578,Type,TSTMonsite,This
1037572579,Type,TSTMonsite,This
1037572580,Type,TSTMonsite,This
1037572581,Type,TSTMonsite,This
1037572582,Type,TSTMonsite,This
1037572583,Type,TSTMonsite,This
1037572584,Type,TSTMonsite,This
1037572585,Type,TSTMonsite,This
1037572586,Type,TSTMonsite,This
1037572587,Type,TSTMonsite,This
1037572589,Type,TSTMonsite,This
1037572590,Type,TSTMonsite,This
1037572486,Type,TSTMonsite,This
1037572487,Type,TSTMonsite,This
1037572488,Type,TSTMonsite,This
1037572489,Type,TSTMonsite,This
1037572490,Type,TSTMonsite,This
1037572492,Type,TSTMonsite,This
1037572493,Type,TSTMonsite,This
1037572494,Type,TSTMonsite,This
1037572495,Type,TSTMonsite,This
1037572497,Type,TSTMonsite,This
1037572498,Type,TSTMonsite,This
1037572499,Type,TSTMonsite,This
1037572500,Type,TSTMonsite,This
1037572501,Type,TSTMonsite,This
1037572502,Type,TSTMonsite,This
1037572503,Type,TSTMonsite,This
1037572504,Type,TSTMonsite,This
1037572505,Type,TSTMonsite,This
1037572506,Type,TSTMonsite,This
1037572507,Type,TSTMonsite,This
1037572508,Type,TSTMonsite,This
1037572509,Type,TSTMonsite,This
1037572510,Type,TSTMonsite,This
1037572511,Type,TSTMonsite,This
1037572512,Type,TSTMonsite,This
1037572513,Type,TSTMonsite,This
1037572514,Type,TSTMonsite,This
1037572515,Type,TSTMonsite,This
1037572516,Type,TSTMonsite,This
1037572517,Type,TSTMonsite,This
1037572518,Type,TSTMonsite,This
1037572519,Type,TSTMonsite,This
1037572520,Type,TSTMonsite,This
1037572521,Type,TSTMonsite,This
1037572522,Type,TSTMonsite,This
1037572523,Type,TSTMonsite,This
1037572524,Type,TSTMonsite,This
1037572525,Type,TSTMonsite,This
1037572526,Type,TSTMonsite,This
1037572527,Type,TSTMonsite,This
1037572528,Type,TSTMonsite,This
1037572529,Type,TSTMonsite,This
1037572530,Type,TSTMonsite,This
1037572531,Type,TSTMonsite,This
1037572532,Type,TSTMonsite,This
1037572533,Type,TSTMonsite,This
1037572534,Type,TSTMonsite,This
1037572535,Type,TSTMonsite,This
1037572536,Type,TSTMonsite,This
1037572537,Type,TSTMonsite,This
1037572434,Type,TSTMonsite,This
1037572435,Type,TSTMonsite,This
1037572436,Type,TSTMonsite,This
1037572437,Type,TSTMonsite,This
1037572438,Type,TSTMonsite,This
1037572439,Type,TSTMonsite,This
1037572440,Type,TSTMonsite,This
1037572441,Type,TSTMonsite,This
1037572442,Type,TSTMonsite,This
1037572443,Type,TSTMonsite,This
1037572444,Type,TSTMonsite,This
1037572445,Type,TSTMonsite,This
1037572446,Type,TSTMonsite,This
1037572447,Type,TSTMonsite,This
1037572448,Type,TSTMonsite,This
1037572449,Type,TSTMonsite,This
1037572450,Type,TSTMonsite,This
1037572451,Type,TSTMonsite,This
1037572452,Type,TSTMonsite,This
1037572453,Type,TSTMonsite,This
1037572454,Type,TSTMonsite,This
1037572455,Type,TSTMonsite,This
1037572456,Type,TSTMonsite,This
1037572457,Type,TSTMonsite,This
1037572458,Type,TSTMonsite,This
1037572459,Type,TSTMonsite,This
1037572460,Type,TSTMonsite,This
1037572461,Type,TSTMonsite,This
1037572462,Type,TSTMonsite,This
1037572463,Type,TSTMonsite,This
1037572464,Type,TSTMonsite,This
1037572465,Type,TSTMonsite,This
1037572466,Type,TSTMonsite,This
1037572467,Type,TSTMonsite,This
1037572468,Type,TSTMonsite,This
1037572470,Type,TSTMonsite,This
1037572471,Type,TSTMonsite,This
1037572472,Type,TSTMonsite,This
1037572473,Type,TSTMonsite,This
1037572474,Type,TSTMonsite,This
1037572475,Type,TSTMonsite,This
1037572476,Type,TSTMonsite,This
1037572477,Type,TSTMonsite,This
1037572478,Type,TSTMonsite,This
1037572479,Type,TSTMonsite,This
1037572480,Type,TSTMonsite,This
1037572481,Type,TSTMonsite,This
1037572482,Type,TSTMonsite,This
1037572484,Type,TSTMonsite,This
1037572485,Type,TSTMonsite,This
1037572384,Type,TSTMonsite,This
1037572385,Type,TSTMonsite,This
1037572386,Type,TSTMonsite,This
1037572387,Type,TSTMonsite,This
1037572388,Type,TSTMonsite,This
1037572389,Type,TSTMonsite,This
1037572390,Type,TSTMonsite,This
1037572391,Type,TSTMonsite,This
1037572392,Type,TSTMonsite,This
1037572393,Type,TSTMonsite,This
1037572394,Type,TSTMonsite,This
1037572395,Type,TSTMonsite,This
1037572396,Type,TSTMonsite,This
1037572397,Type,TSTMonsite,This
1037572398,Type,TSTMonsite,This
1037572399,Type,TSTMonsite,This
1037572400,Type,TSTMonsite,This
1037572401,Type,TSTMonsite,This
1037572402,Type,TSTMonsite,This
1037572403,Type,TSTMonsite,This
1037572404,Type,TSTMonsite,This
1037572405,Type,TSTMonsite,This
1037572406,Type,TSTMonsite,This
1037572407,Type,TSTMonsite,This
1037572408,Type,TSTMonsite,This
1037572409,Type,TSTMonsite,This
1037572410,Type,TSTMonsite,This
1037572411,Type,TSTMonsite,This
1037572412,Type,TSTMonsite,This
1037572413,Type,TSTMonsite,This
1037572414,Type,TSTMonsite,This
1037572415,Type,TSTMonsite,This
1037572416,Type,TSTMonsite,This
1037572417,Type,TSTMonsite,This
1037572418,Type,TSTMonsite,This
1037572419,Type,TSTMonsite,This
1037572420,Type,TSTMonsite,This
1037572421,Type,TSTMonsite,This
1037572422,Type,TSTMonsite,This
1037572423,Type,TSTMonsite,This
1037572424,Type,TSTMonsite,This
1037572425,Type,TSTMonsite,This
1037572426,Type,TSTMonsite,This
1037572427,Type,TSTMonsite,This
1037572428,Type,TSTMonsite,This
1037572429,Type,TSTMonsite,This
1037572430,Type,TSTMonsite,This
1037572431,Type,TSTMonsite,This
1037572432,Type,TSTMonsite,This
1037572433,Type,TSTMonsite,This
1037572324,Type,TSTMonsite,This
1037572325,Type,TSTMonsite,This
1037572326,Type,TSTMonsite,This
1037572328,Type,TSTMonsite,This
1037572329,Type,TSTMonsite,This
1037572330,Type,TSTMonsite,This
1037572331,Type,TSTMonsite,This
1037572332,Type,TSTMonsite,This
1037572333,Type,TSTMonsite,This
1037572335,Type,TSTMonsite,This
1037572336,Type,TSTMonsite,This
1037572337,Type,TSTMonsite,This
1037572338,Type,TSTMonsite,This
1037572339,Type,TSTMonsite,This
1037572341,Type,TSTMonsite,This
1037572342,Type,TSTMonsite,This
1037572343,Type,TSTMonsite,This
1037572344,Type,TSTMonsite,This
1037572345,Type,TSTMonsite,This
1037572348,Type,TSTMonsite,This
1037572350,Type,TSTMonsite,This
1037572351,Type,TSTMonsite,This
1037572352,Type,TSTMonsite,This
1037572353,Type,TSTMonsite,This
1037572355,Type,TSTMonsite,This
1037572356,Type,TSTMonsite,This
1037572357,Type,TSTMonsite,This
1037572359,Type,TSTMonsite,This
1037572360,Type,TSTMonsite,This
1037572361,Type,TSTMonsite,This
1037572362,Type,TSTMonsite,This
1037572363,Type,TSTMonsite,This
1037572364,Type,TSTMonsite,This
1037572365,Type,TSTMonsite,This
1037572366,Type,TSTMonsite,This
1037572367,Type,TSTMonsite,This
1037572368,Type,TSTMonsite,This
1037572369,Type,TSTMonsite,This
1037572370,Type,TSTMonsite,This
1037572371,Type,TSTMonsite,This
1037572372,Type,TSTMonsite,This
1037572373,Type,TSTMonsite,This
1037572374,Type,TSTMonsite,This
1037572375,Type,TSTMonsite,This
1037572376,Type,TSTMonsite,This
1037572378,Type,TSTMonsite,This
1037572379,Type,TSTMonsite,This
1037572380,Type,TSTMonsite,This
1037572381,Type,TSTMonsite,This
1037572382,Type,TSTMonsite,This
1037572263,Type,TSTMonsite,This
1037572264,Type,TSTMonsite,This
1037572265,Type,TSTMonsite,This
1037572267,Type,TSTMonsite,This
1037572268,Type,TSTMonsite,This
1037572269,Type,TSTMonsite,This
1037572271,Type,TSTMonsite,This
1037572272,Type,TSTMonsite,This
1037572273,Type,TSTMonsite,This
1037572274,Type,TSTMonsite,This
1037572275,Type,TSTMonsite,This
1037572278,Type,TSTMonsite,This
1037572279,Type,TSTMonsite,This
1037572280,Type,TSTMonsite,This
1037572281,Type,TSTMonsite,This
1037572283,Type,TSTMonsite,This
1037572284,Type,TSTMonsite,This
1037572285,Type,TSTMonsite,This
1037572287,Type,TSTMonsite,This
1037572288,Type,TSTMonsite,This
1037572289,Type,TSTMonsite,This
1037572290,Type,TSTMonsite,This
1037572291,Type,TSTMonsite,This
1037572292,Type,TSTMonsite,This
1037572293,Type,TSTMonsite,This
1037572294,Type,TSTMonsite,This
1037572295,Type,TSTMonsite,This
1037572296,Type,TSTMonsite,This
1037572297,Type,TSTMonsite,This
1037572299,Type,TSTMonsite,This
1037572300,Type,TSTMonsite,This
1037572301,Type,TSTMonsite,This
1037572302,Type,TSTMonsite,This
1037572303,Type,TSTMonsite,This
1037572305,Type,TSTMonsite,This
1037572306,Type,TSTMonsite,This
1037572307,Type,TSTMonsite,This
1037572308,Type,TSTMonsite,This
1037572309,Type,TSTMonsite,This
1037572311,Type,TSTMonsite,This
1037572312,Type,TSTMonsite,This
1037572313,Type,TSTMonsite,This
1037572314,Type,TSTMonsite,This
1037572315,Type,TSTMonsite,This
1037572316,Type,TSTMonsite,This
1037572317,Type,TSTMonsite,This
1037572319,Type,TSTMonsite,This
1037572320,Type,TSTMonsite,This
1037572322,Type,TSTMonsite,This
1037572323,Type,TSTMonsite,This
1037572203,Type,TSTMonsite,This
1037572204,Type,TSTMonsite,This
1037572206,Type,TSTMonsite,This
1037572207,Type,TSTMonsite,This
1037572208,Type,TSTMonsite,This
1037572209,Type,TSTMonsite,This
1037572210,Type,TSTMonsite,This
1037572211,Type,TSTMonsite,This
1037572212,Type,TSTMonsite,This
1037572213,Type,TSTMonsite,This
1037572214,Type,TSTMonsite,This
1037572215,Type,TSTMonsite,This
1037572217,Type,TSTMonsite,This
1037572218,Type,TSTMonsite,This
1037572219,Type,TSTMonsite,This
1037572220,Type,TSTMonsite,This
1037572221,Type,TSTMonsite,This
1037572223,Type,TSTMonsite,This
1037572224,Type,TSTMonsite,This
1037572225,Type,TSTMonsite,This
1037572226,Type,TSTMonsite,This
1037572228,Type,TSTMonsite,This
1037572229,Type,TSTMonsite,This
1037572230,Type,TSTMonsite,This
1037572231,Type,TSTMonsite,This
1037572232,Type,TSTMonsite,This
1037572234,Type,TSTMonsite,This
1037572235,Type,TSTMonsite,This
1037572236,Type,TSTMonsite,This
1037572237,Type,TSTMonsite,This
1037572239,Type,TSTMonsite,This
1037572240,Type,TSTMonsite,This
1037572241,Type,TSTMonsite,This
1037572242,Type,TSTMonsite,This
1037572243,Type,TSTMonsite,This
1037572244,Type,TSTMonsite,This
1037572246,Type,TSTMonsite,This
1037572247,Type,TSTMonsite,This
1037572248,Type,TSTMonsite,This
1037572249,Type,TSTMonsite,This
1037572250,Type,TSTMonsite,This
1037572251,Type,TSTMonsite,This
1037572252,Type,TSTMonsite,This
1037572254,Type,TSTMonsite,This
1037572255,Type,TSTMonsite,This
1037572257,Type,TSTMonsite,This
1037572258,Type,TSTMonsite,This
1037572259,Type,TSTMonsite,This
1037572260,Type,TSTMonsite,This
1037572262,Type,TSTMonsite,This
1037572146,Type,TSTMonsite,This
1037572147,Type,TSTMonsite,This
1037572148,Type,TSTMonsite,This
1037572149,Type,TSTMonsite,This
1037572150,Type,TSTMonsite,This
1037572151,Type,TSTMonsite,This
1037572152,Type,TSTMonsite,This
1037572153,Type,TSTMonsite,This
1037572154,Type,TSTMonsite,This
1037572155,Type,TSTMonsite,This
1037572156,Type,TSTMonsite,This
1037572157,Type,TSTMonsite,This
1037572158,Type,TSTMonsite,This
1037572159,Type,TSTMonsite,This
1037572160,Type,TSTMonsite,This
1037572161,Type,TSTMonsite,This
1037572162,Type,TSTMonsite,This
1037572163,Type,TSTMonsite,This
1037572164,Type,TSTMonsite,This
1037572165,Type,TSTMonsite,This
1037572166,Type,TSTMonsite,This
1037572168,Type,TSTMonsite,This
1037572169,Type,TSTMonsite,This
1037572170,Type,TSTMonsite,This
1037572171,Type,TSTMonsite,This
1037572172,Type,TSTMonsite,This
1037572173,Type,TSTMonsite,This
1037572174,Type,TSTMonsite,This
1037572175,Type,TSTMonsite,This
1037572176,Type,TSTMonsite,This
1037572178,Type,TSTMonsite,This
1037572179,Type,TSTMonsite,This
1037572180,Type,TSTMonsite,This
1037572181,Type,TSTMonsite,This
1037572182,Type,TSTMonsite,This
1037572184,Type,TSTMonsite,This
1037572185,Type,TSTMonsite,This
1037572186,Type,TSTMonsite,This
1037572188,Type,TSTMonsite,This
1037572189,Type,TSTMonsite,This
1037572191,Type,TSTMonsite,This
1037572192,Type,TSTMonsite,This
1037572193,Type,TSTMonsite,This
1037572194,Type,TSTMonsite,This
1037572195,Type,TSTMonsite,This
1037572196,Type,TSTMonsite,This
1037572198,Type,TSTMonsite,This
1037572199,Type,TSTMonsite,This
1037572200,Type,TSTMonsite,This
1037572202,Type,TSTMonsite,This
1037572093,Type,TSTMonsite,This
1037572094,Type,TSTMonsite,This
1037572095,Type,TSTMonsite,This
1037572096,Type,TSTMonsite,This
1037572097,Type,TSTMonsite,This
1037572098,Type,TSTMonsite,This
1037572099,Type,TSTMonsite,This
1037572100,Type,TSTMonsite,This
1037572101,Type,TSTMonsite,This
1037572102,Type,TSTMonsite,This
1037572103,Type,TSTMonsite,This
1037572104,Type,TSTMonsite,This
1037572105,Type,TSTMonsite,This
1037572107,Type,TSTMonsite,This
1037572108,Type,TSTMonsite,This
1037572110,Type,TSTMonsite,This
1037572111,Type,TSTMonsite,This
1037572112,Type,TSTMonsite,This
1037572113,Type,TSTMonsite,This
1037572114,Type,TSTMonsite,This
1037572115,Type,TSTMonsite,This
1037572116,Type,TSTMonsite,This
1037572117,Type,TSTMonsite,This
1037572118,Type,TSTMonsite,This
1037572119,Type,TSTMonsite,This
1037572120,Type,TSTMonsite,This
1037572121,Type,TSTMonsite,This
1037572122,Type,TSTMonsite,This
1037572123,Type,TSTMonsite,This
1037572124,Type,TSTMonsite,This
1037572125,Type,TSTMonsite,This
1037572126,Type,TSTMonsite,This
1037572127,Type,TSTMonsite,This
1037572128,Type,TSTMonsite,This
1037572129,Type,TSTMonsite,This
1037572130,Type,TSTMonsite,This
1037572131,Type,TSTMonsite,This
1037572132,Type,TSTMonsite,This
1037572133,Type,TSTMonsite,This
1037572134,Type,TSTMonsite,This
1037572135,Type,TSTMonsite,This
1037572136,Type,TSTMonsite,This
1037572137,Type,TSTMonsite,This
1037572138,Type,TSTMonsite,This
1037572139,Type,TSTMonsite,This
1037572140,Type,TSTMonsite,This
1037572141,Type,TSTMonsite,This
1037572143,Type,TSTMonsite,This
1037572144,Type,TSTMonsite,This
1037572145,Type,TSTMonsite,This
1037572040,Type,TSTMonsite,This
1037572041,Type,TSTMonsite,This
1037572042,Type,TSTMonsite,This
1037572043,Type,TSTMonsite,This
1037572044,Type,TSTMonsite,This
1037572045,Type,TSTMonsite,This
1037572046,Type,TSTMonsite,This
1037572047,Type,TSTMonsite,This
1037572049,Type,TSTMonsite,This
1037572050,Type,TSTMonsite,This
1037572051,Type,TSTMonsite,This
1037572052,Type,TSTMonsite,This
1037572053,Type,TSTMonsite,This
1037572054,Type,TSTMonsite,This
1037572055,Type,TSTMonsite,This
1037572056,Type,TSTMonsite,This
1037572057,Type,TSTMonsite,This
1037572058,Type,TSTMonsite,This
1037572059,Type,TSTMonsite,This
1037572060,Type,TSTMonsite,This
1037572061,Type,TSTMonsite,This
1037572062,Type,TSTMonsite,This
1037572063,Type,TSTMonsite,This
1037572064,Type,TSTMonsite,This
1037572065,Type,TSTMonsite,This
1037572066,Type,TSTMonsite,This
1037572067,Type,TSTMonsite,This
1037572068,Type,TSTMonsite,This
1037572070,Type,TSTMonsite,This
1037572071,Type,TSTMonsite,This
1037572072,Type,TSTMonsite,This
1037572073,Type,TSTMonsite,This
1037572074,Type,TSTMonsite,This
1037572075,Type,TSTMonsite,This
1037572076,Type,TSTMonsite,This
1037572077,Type,TSTMonsite,This
1037572078,Type,TSTMonsite,This
1037572079,Type,TSTMonsite,This
1037572080,Type,TSTMonsite,This
1037572081,Type,TSTMonsite,This
1037572082,Type,TSTMonsite,This
1037572083,Type,TSTMonsite,This
1037572084,Type,TSTMonsite,This
1037572086,Type,TSTMonsite,This
1037572087,Type,TSTMonsite,This
1037572088,Type,TSTMonsite,This
1037572089,Type,TSTMonsite,This
1037572090,Type,TSTMonsite,This
1037572091,Type,TSTMonsite,This
1037572092,Type,TSTMonsite,This
1037571988,Type,TSTMonsite,This
1037571989,Type,TSTMonsite,This
1037571990,Type,TSTMonsite,This
1037571991,Type,TSTMonsite,This
1037571992,Type,TSTMonsite,This
1037571993,Type,TSTMonsite,This
1037571994,Type,TSTMonsite,This
1037571995,Type,TSTMonsite,This
1037571996,Type,TSTMonsite,This
1037571997,Type,TSTMonsite,This
1037571998,Type,TSTMonsite,This
1037571999,Type,TSTMonsite,This
1037572000,Type,TSTMonsite,This
1037572001,Type,TSTMonsite,This
1037572002,Type,TSTMonsite,This
1037572003,Type,TSTMonsite,This
1037572004,Type,TSTMonsite,This
1037572005,Type,TSTMonsite,This
1037572006,Type,TSTMonsite,This
1037572007,Type,TSTMonsite,This
1037572008,Type,TSTMonsite,This
1037572009,Type,TSTMonsite,This
1037572010,Type,TSTMonsite,This
1037572011,Type,TSTMonsite,This
1037572012,Type,TSTMonsite,This
1037572014,Type,TSTMonsite,This
1037572015,Type,TSTMonsite,This
1037572016,Type,TSTMonsite,This
1037572017,Type,TSTMonsite,This
1037572018,Type,TSTMonsite,This
1037572019,Type,TSTMonsite,This
1037572020,Type,TSTMonsite,This
1037572021,Type,TSTMonsite,This
1037572022,Type,TSTMonsite,This
1037572023,Type,TSTMonsite,This
1037572024,Type,TSTMonsite,This
1037572025,Type,TSTMonsite,This
1037572026,Type,TSTMonsite,This
1037572027,Type,TSTMonsite,This
1037572029,Type,TSTMonsite,This
1037572030,Type,TSTMonsite,This
1037572031,Type,TSTMonsite,This
1037572032,Type,TSTMonsite,This
1037572033,Type,TSTMonsite,This
1037572034,Type,TSTMonsite,This
1037572035,Type,TSTMonsite,This
1037572036,Type,TSTMonsite,This
1037572037,Type,TSTMonsite,This
1037572038,Type,TSTMonsite,This
1037572039,Type,TSTMonsite,This
1037571935,Type,TSTMonsite,This
1037571936,Type,TSTMonsite,This
1037571937,Type,TSTMonsite,This
1037571938,Type,TSTMonsite,This
1037571939,Type,TSTMonsite,This
1037571940,Type,TSTMonsite,This
1037571941,Type,TSTMonsite,This
1037571942,Type,TSTMonsite,This
1037571943,Type,TSTMonsite,This
1037571944,Type,TSTMonsite,This
1037571945,Type,TSTMonsite,This
1037571946,Type,TSTMonsite,This
1037571947,Type,TSTMonsite,This
1037571949,Type,TSTMonsite,This
1037571950,Type,TSTMonsite,This
1037571951,Type,TSTMonsite,This
1037571952,Type,TSTMonsite,This
1037571953,Type,TSTMonsite,This
1037571954,Type,TSTMonsite,This
1037571955,Type,TSTMonsite,This
1037571956,Type,TSTMonsite,This
1037571957,Type,TSTMonsite,This
1037571958,Type,TSTMonsite,This
1037571959,Type,TSTMonsite,This
1037571961,Type,TSTMonsite,This
1037571962,Type,TSTMonsite,This
1037571964,Type,TSTMonsite,This
1037571965,Type,TSTMonsite,This
1037571966,Type,TSTMonsite,This
1037571967,Type,TSTMonsite,This
1037571968,Type,TSTMonsite,This
1037571969,Type,TSTMonsite,This
1037571970,Type,TSTMonsite,This
1037571971,Type,TSTMonsite,This
1037571972,Type,TSTMonsite,This
1037571973,Type,TSTMonsite,This
1037571974,Type,TSTMonsite,This
1037571975,Type,TSTMonsite,This
1037571976,Type,TSTMonsite,This
1037571977,Type,TSTMonsite,This
1037571978,Type,TSTMonsite,This
1037571979,Type,TSTMonsite,This
1037571980,Type,TSTMonsite,This
1037571981,Type,TSTMonsite,This
1037571982,Type,TSTMonsite,This
1037571983,Type,TSTMonsite,This
1037571984,Type,TSTMonsite,This
1037571985,Type,TSTMonsite,This
1037571986,Type,TSTMonsite,This
1037571987,Type,TSTMonsite,This
1037571882,Type,TSTMonsite,This
1037571883,Type,TSTMonsite,This
1037571885,Type,TSTMonsite,This
1037571886,Type,TSTMonsite,This
1037571887,Type,TSTMonsite,This
1037571888,Type,TSTMonsite,This
1037571889,Type,TSTMonsite,This
1037571890,Type,TSTMonsite,This
1037571891,Type,TSTMonsite,This
1037571892,Type,TSTMonsite,This
1037571893,Type,TSTMonsite,This
1037571894,Type,TSTMonsite,This
1037571895,Type,TSTMonsite,This
1037571896,Type,TSTMonsite,This
1037571897,Type,TSTMonsite,This
1037571898,Type,TSTMonsite,This
1037571899,Type,TSTMonsite,This
1037571900,Type,TSTMonsite,This
1037571901,Type,TSTMonsite,This
1037571902,Type,TSTMonsite,This
1037571903,Type,TSTMonsite,This
1037571904,Type,TSTMonsite,This
1037571905,Type,TSTMonsite,This
1037571906,Type,TSTMonsite,This
1037571907,Type,TSTMonsite,This
1037571908,Type,TSTMonsite,This
1037571909,Type,TSTMonsite,This
1037571910,Type,TSTMonsite,This
1037571911,Type,TSTMonsite,This
1037571912,Type,TSTMonsite,This
1037571913,Type,TSTMonsite,This
1037571914,Type,TSTMonsite,This
1037571915,Type,TSTMonsite,This
1037571916,Type,TSTMonsite,This
1037571917,Type,TSTMonsite,This
1037571918,Type,TSTMonsite,This
1037571919,Type,TSTMonsite,This
1037571920,Type,TSTMonsite,This
1037571922,Type,TSTMonsite,This
1037571923,Type,TSTMonsite,This
1037571924,Type,TSTMonsite,This
1037571925,Type,TSTMonsite,This
1037571926,Type,TSTMonsite,This
1037571927,Type,TSTMonsite,This
1037571928,Type,TSTMonsite,This
1037571929,Type,TSTMonsite,This
1037571930,Type,TSTMonsite,This
1037571931,Type,TSTMonsite,This
1037571932,Type,TSTMonsite,This
1037571933,Type,TSTMonsite,This
1037571828,Type,TSTMonsite,This
1037571829,Type,TSTMonsite,This
1037571830,Type,TSTMonsite,This
1037571831,Type,TSTMonsite,This
1037571832,Type,TSTMonsite,This
1037571833,Type,TSTMonsite,This
1037571835,Type,TSTMonsite,This
1037571836,Type,TSTMonsite,This
1037571837,Type,TSTMonsite,This
1037571838,Type,TSTMonsite,This
1037571839,Type,TSTMonsite,This
1037571840,Type,TSTMonsite,This
1037571841,Type,TSTMonsite,This
1037571842,Type,TSTMonsite,This
1037571843,Type,TSTMonsite,This
1037571844,Type,TSTMonsite,This
1037571845,Type,TSTMonsite,This
1037571846,Type,TSTMonsite,This
1037571847,Type,TSTMonsite,This
1037571848,Type,TSTMonsite,This
1037571849,Type,TSTMonsite,This
1037571850,Type,TSTMonsite,This
1037571851,Type,TSTMonsite,This
1037571852,Type,TSTMonsite,This
1037571853,Type,TSTMonsite,This
1037571854,Type,TSTMonsite,This
1037571855,Type,TSTMonsite,This
1037571856,Type,TSTMonsite,This
1037571857,Type,TSTMonsite,This
1037571858,Type,TSTMonsite,This
1037571859,Type,TSTMonsite,This
1037571860,Type,TSTMonsite,This
1037571861,Type,TSTMonsite,This
1037571862,Type,TSTMonsite,This
1037571864,Type,TSTMonsite,This
1037571865,Type,TSTMonsite,This
1037571866,Type,TSTMonsite,This
1037571867,Type,TSTMonsite,This
1037571868,Type,TSTMonsite,This
1037571869,Type,TSTMonsite,This
1037571870,Type,TSTMonsite,This
1037571871,Type,TSTMonsite,This
1037571872,Type,TSTMonsite,This
1037571873,Type,TSTMonsite,This
1037571874,Type,TSTMonsite,This
1037571875,Type,TSTMonsite,This
1037571877,Type,TSTMonsite,This
1037571878,Type,TSTMonsite,This
1037571879,Type,TSTMonsite,This
1037571881,Type,TSTMonsite,This
1037571774,Type,TSTMonsite,This
1037571775,Type,TSTMonsite,This
1037571776,Type,TSTMonsite,This
1037571777,Type,TSTMonsite,This
1037571778,Type,TSTMonsite,This
1037571779,Type,TSTMonsite,This
1037571780,Type,TSTMonsite,This
1037571781,Type,TSTMonsite,This
1037571782,Type,TSTMonsite,This
1037571783,Type,TSTMonsite,This
1037571784,Type,TSTMonsite,This
1037571785,Type,TSTMonsite,This
1037571786,Type,TSTMonsite,This
1037571787,Type,TSTMonsite,This
1037571788,Type,TSTMonsite,This
1037571789,Type,TSTMonsite,This
1037571791,Type,TSTMonsite,This
1037571792,Type,TSTMonsite,This
1037571793,Type,TSTMonsite,This
1037571794,Type,TSTMonsite,This
1037571795,Type,TSTMonsite,This
1037571796,Type,TSTMonsite,This
1037571797,Type,TSTMonsite,This
1037571798,Type,TSTMonsite,This
1037571799,Type,TSTMonsite,This
1037571800,Type,TSTMonsite,This
1037571801,Type,TSTMonsite,This
1037571803,Type,TSTMonsite,This
1037571804,Type,TSTMonsite,This
1037571805,Type,TSTMonsite,This
1037571806,Type,TSTMonsite,This
1037571807,Type,TSTMonsite,This
1037571808,Type,TSTMonsite,This
1037571809,Type,TSTMonsite,This
1037571810,Type,TSTMonsite,This
1037571811,Type,TSTMonsite,This
1037571813,Type,TSTMonsite,This
1037571814,Type,TSTMonsite,This
1037571815,Type,TSTMonsite,This
1037571816,Type,TSTMonsite,This
1037571817,Type,TSTMonsite,This
1037571818,Type,TSTMonsite,This
1037571819,Type,TSTMonsite,This
1037571820,Type,TSTMonsite,This
1037571821,Type,TSTMonsite,This
1037571822,Type,TSTMonsite,This
1037571823,Type,TSTMonsite,This
1037571825,Type,TSTMonsite,This
1037571826,Type,TSTMonsite,This
1037571827,Type,TSTMonsite,This
